,Unnamed: 0,ANGPT2,CDH5,ESAM,ESM1,ERG,ICAM2,TIE1,EI Score
0,TCGA-CZ-4862-01A-01R-1305-07,25.3993,98.1981,131.8126,259.3296,17.3496,10.9122,36.5321,0.3539316146281045
1,TCGA-A3-3380-01A-01R-0864-07,35.7377,125.6081,254.5994,171.7835,29.2451,15.1771,59.5518,0.9425596367708966
2,TCGA-B4-5836-01A-11R-1672-07,75.968,170.4287,273.7694,705.988,33.8303,19.2672,59.6698,0.9995918783961609
3,TCGA-B8-A54D-01A-21R-A266-07,19.2211,32.1913,48.771,237.2147,8.5073,3.7436,24.5302,0.0002764038356487141
4,TCGA-BP-4771-01A-01R-1289-07,33.8879,75.9608,99.2823,151.8526,17.4139,9.2512,37.5586,0.04676820934052084
5,TCGA-B0-4823-01A-02R-1420-07,27.5497,126.4017,199.1929,400.85,23.3631,15.6864,52.6104,0.9512151073396409
6,TCGA-AK-3434-01A-02R-1277-07,73.7735,132.8638,241.4193,579.1472,22.1993,18.4129,85.9251,0.9837306827781764
7,TCGA-AK-3429-01A-02R-1325-07,45.9326,67.1213,124.2742,385.7895,13.5366,12.1723,28.2058,0.03603626200776313
8,TCGA-BP-4765-01A-01R-1289-07,26.6854,129.9414,212.7657,588.1207,35.959,19.1263,50.6973,0.9813624827004308
9,TCGA-B0-5104-01A-01R-1420-07,35.5959,50.8633,103.8935,140.745,12.6467,8.2887,25.8517,0.003823283979324791
10,TCGA-BP-4332-01A-01R-1289-07,44.842,125.7851,238.8534,440.0193,40.7475,13.1241,46.9161,0.9183813255467297
11,TCGA-BP-5168-01A-01R-1420-07,102.9345,139.4126,228.0437,729.5565,26.3148,14.7647,64.3543,0.9823410937747956
12,TCGA-B0-5400-01A-01R-1503-07,16.5716,18.4843,43.1467,38.9568,4.3919,3.9131,9.5541,7.855383882665369e-05
13,TCGA-BP-5202-01A-02R-1426-07,24.8844,121.5865,160.8778,150.933,24.892,11.4133,38.0676,0.8451254358162649
14,TCGA-B0-4846-01A-01R-1277-07,61.3804,82.9521,171.7253,439.4685,24.7599,10.2177,34.2798,0.10240282865684659
15,TCGA-B4-5377-01A-01R-1503-07,59.9381,79.92399999999999,145.9967,124.2996,18.5638,8.7606,38.5536,0.06090619721462753
16,TCGA-BP-4177-01A-02R-1420-07,51.8124,110.7325,183.1908,438.0794,25.8203,21.8199,46.0954,0.9353381809671223
17,TCGA-BP-5194-01A-02R-1426-07,79.5746,147.69899999999998,196.8983,701.9462,38.8625,12.9279,61.1014,0.988416933373609
18,TCGA-BP-4334-01A-01R-1289-07,3.4329,10.5279,14.4441,13.575,1.8174,0.8326,5.1795,2.0561881776200076e-05
19,TCGA-B0-4814-01A-01R-1277-07,26.1036,75.2085,154.6118,246.0188,14.2682,9.4748,34.1418,0.04553841929559159
20,TCGA-B0-5697-01A-11R-1541-07,26.6673,52.8289,75.3152,232.7462,10.0886,9.5543,21.7017,0.005853488927553088
21,TCGA-CJ-4869-01A-02R-1426-07,53.5338,63.248999999999995,127.5935,348.9246,11.9204,8.2872,32.8207,0.01216770293695521
22,TCGA-B8-4620-01A-02R-1325-07,130.4844,68.6937,130.46,239.0971,17.0864,7.8331,25.7423,0.01850319953833013
23,TCGA-B2-4098-01A-02R-1325-07,4.7219,5.8647,9.7992,10.7927,1.4588,2.3755,2.2569,1.7821074765669893e-05
24,TCGA-3Z-A93Z-01A-11R-A37O-07,41.6396,125.7846,303.0077,664.0065,30.0661,24.2229,88.7535,0.9895468092932226
25,TCGA-BP-4170-01A-02R-1289-07,61.4474,109.61200000000001,211.1744,230.3742,26.2002,16.4084,56.5815,0.8216790802163207
26,TCGA-CJ-4901-01A-01R-1426-07,74.0636,59.4335,82.7375,284.2602,10.8193,7.581,24.2572,0.0074537550692480485
27,TCGA-CJ-6031-01A-11R-1672-07,51.6206,105.7148,181.0195,152.1837,22.195,13.9116,52.8676,0.6641027792227597
28,TCGA-BP-4782-01A-02R-1420-07,39.6326,104.24,195.5412,54.3017,28.5188,13.1981,48.4957,0.6000873980121176
29,TCGA-MM-A564-01A-11R-A266-07,81.3566,118.7123,239.4659,812.1862,19.2922,18.3608,63.0039,0.9404426549489491
30,TCGA-A3-3322-01A-02R-1325-07,30.801,59.5458,94.4066,365.485,15.6082,4.9292,31.4172,0.004541915780176868
31,TCGA-A3-3352-01A-01R-0864-07,115.8088,122.214,189.9302,493.5559,26.5641,13.9816,45.651,0.9045480392204037
32,TCGA-A3-3313-01A-02R-1325-07,24.0873,24.2141,33.8556,170.5913,5.7292,3.4223,8.956,0.00012262591905305516
33,TCGA-A3-3351-01A-02R-1325-07,186.1019,104.5534,179.03599999999997,962.7709,25.9925,10.3208,39.7484,0.4708320902702772
34,TCGA-BP-4347-01A-01R-1289-07,77.6842,117.662,210.46099999999998,275.27299999999997,33.4397,15.8301,44.6826,0.8979698433293634
35,TCGA-B0-4815-01A-01R-1503-07,20.2421,28.0039,53.2872,75.6206,7.7789,8.2448,15.5856,0.0004419224825027911
36,TCGA-B0-5102-01A-01R-1420-07,86.7883,58.1601,117.6209,412.1458,9.4045,11.7182,21.4226,0.014520674501663746
37,TCGA-B8-4621-01A-01R-1503-07,8.9666,11.501,16.4391,24.8473,2.7488,4.2952,5.3108,4.379492781899258e-05
38,TCGA-BP-4165-01A-02R-1289-07,92.74600000000001,106.4466,197.4548,519.6742,22.0022,14.5742,55.4715,0.7063448418597561
39,TCGA-CZ-4864-01A-01R-1503-07,88.6275,73.8051,140.217,567.9626,18.9861,13.5047,27.2421,0.0830642567301947
40,TCGA-CW-6097-01A-11R-1672-07,42.3926,103.3704,129.347,178.3619,22.3051,12.1442,38.4636,0.5303868279819125
41,TCGA-AK-3447-01A-01R-1766-07,0.5998,5.9006,10.9627,9.2851,1.4516,1.5415,2.7818,1.523693661155293e-05
42,TCGA-B8-5553-01A-01R-1541-07,49.5537,155.4891,259.2145,265.9959,30.9595,17.6998,80.8753,0.9977529297893593
43,TCGA-B0-5699-01A-11R-1541-07,56.7637,113.3505,157.2962,524.028,17.2955,9.7844,41.2722,0.6476429381696504
44,TCGA-BP-4343-01A-02R-1289-07,143.9675,49.2623,120.6772,691.4779,22.7183,10.7026,23.3494,0.005218249227225492
45,TCGA-B8-4148-01A-02R-1325-07,50.8162,84.6681,152.0095,289.494,24.7761,11.6471,38.623000000000005,0.1499604717241929
46,TCGA-B0-5707-01A-11R-1541-07,1.0006,6.9023,12.5191,1.4945,2.2414,6.6521,3.2795,4.464470945321961e-05
47,TCGA-A3-3326-01A-01R-0864-07,21.7511,77.1047,130.9517,457.6763,22.8313,9.0217,36.1809,0.04969056509141251
48,TCGA-CJ-4644-01A-02R-1325-07,97.3291,108.0809,194.1218,557.8961,23.5682,20.9834,54.7851,0.905638825903864
49,TCGA-AK-3425-01A-02R-1277-07,21.8739,66.4361,131.8494,155.2295,15.8802,14.4189,28.8276,0.05117675912536251
50,TCGA-CJ-6027-01A-11R-1672-07,41.9603,24.674,44.26,115.1474,4.9554,5.0678,10.2854,0.00017559182238074307
51,TCGA-BP-4173-01A-02R-1289-07,68.98,71.1558,124.3251,256.52299999999997,16.8519,14.2355,30.8793,0.07511343296417221
52,TCGA-B0-5106-01A-01R-1420-07,189.4058,171.674,227.3755,938.2409,26.9524,14.4936,50.9972,0.9990932769805371
53,TCGA-BP-4354-01A-02R-1289-07,30.8387,63.21,92.6953,80.738,14.9161,8.3207,32.4293,0.012200872394907872
54,TCGA-B2-4101-01A-02R-1277-07,169.9833,177.9589,247.9148,1089.7930000000001,41.0912,16.7956,62.318000000000005,0.9996772695918696
55,TCGA-BP-4763-01A-01R-1289-07,36.5189,116.3701,176.7807,175.1944,34.825,17.7618,38.852,0.9186315025144263
56,TCGA-CW-5587-01A-01R-1541-07,34.5232,107.30799999999999,186.7462,327.3647,24.3544,18.188,49.2272,0.8392010779806038
57,TCGA-A3-3376-01A-02R-1420-07,66.3983,376.1174,448.8093,274.3134,86.3987,30.2679,194.4253,0.9999999999998086
58,TCGA-G6-A8L6-01A-11R-A37O-07,184.3118,153.9984,303.274,1367.0783,28.4475,27.3332,102.1053,0.9995921174131305
59,TCGA-BP-4964-01A-01R-1334-07,64.7226,78.2584,151.1713,512.4247,17.7625,9.5596,23.4229,0.06070487623936264
60,TCGA-B0-5094-01A-01R-1420-07,15.0621,26.8434,51.0565,42.9846,5.7382,2.8096,13.4276,0.00013965147284941812
61,TCGA-B4-5832-01A-11R-1672-07,154.7686,31.956999999999997,29.1387,660.5818,15.3706,0.9639,3.2635,0.0001586180215485016
62,TCGA-AK-3460-01A-02R-1277-07,43.2814,98.4172,163.9549,599.8025,26.5826,13.2952,42.9322,0.4690703065126948
63,TCGA-CZ-5466-01A-01R-1503-07,9.1488,35.478,75.8309,127.9367,10.4528,7.1531,21.5073,0.0007242970697585291
64,TCGA-B0-4703-01A-01R-1277-07,64.4774,122.8223,244.61,136.0156,32.2074,15.2816,81.1356,0.9279463801359769
65,TCGA-A3-3387-01A-01R-1541-07,87.0031,109.8028,183.9096,561.5397,30.8033,12.2225,42.1055,0.6775355309619343
66,TCGA-BP-5177-01A-01R-1426-07,140.6327,139.3324,263.9837,708.5202,27.1979,15.7857,50.1856,0.9853285713969645
67,TCGA-BP-4351-01A-01R-1289-07,64.8549,107.4883,207.5749,477.5246,19.2579,11.8004,54.2068,0.6090950949573412
68,TCGA-AK-3431-01A-02R-1277-07,129.8226,239.3548,372.8199,570.84,59.6921,28.5327,120.6375,0.9999998953255104
69,TCGA-BP-5195-01A-02R-1426-07,79.7751,150.9407,221.7719,300.2986,34.4891,15.5352,53.8941,0.99479112674249
70,TCGA-CJ-4900-01A-01R-1334-07,32.2765,41.503,59.9029,118.7543,8.7333,7.667000000000001,14.8444,0.0014088279178470148
71,TCGA-BP-4768-01A-01R-1289-07,79.1689,52.861999999999995,84.571,477.8697,11.9378,4.1499,19.6229,0.0020893293175806545
72,TCGA-A3-A6NN-01A-12R-A33J-07,53.9116,216.7019,325.8253,387.6849,44.1629,22.1358,123.7991,0.99999698410984
73,TCGA-CZ-5453-01A-01R-1503-07,83.4768,105.0122,167.3437,663.5627,19.4804,10.4487,43.9876,0.4877387429311154
74,TCGA-BP-4962-01A-01R-1334-07,8.3949,25.3177,41.9698,63.6771,8.8897,4.273,12.165999999999999,0.00016017633612175672
75,TCGA-B8-5164-01A-01R-1420-07,31.2803,54.4652,70.988,279.88,11.5604,7.4334,17.2276,0.004551438975060031
76,TCGA-CZ-5455-01A-01R-1503-07,67.1448,149.298,202.2245,641.4301,31.0623,15.4561,42.0521,0.9938326235370275
77,TCGA-AK-3444-01A-02R-1325-07,35.5023,92.59200000000001,173.6727,369.8049,17.4532,13.1373,33.0769,0.3312043395603758
78,TCGA-CJ-4897-01A-03R-1426-07,45.797,98.4386,154.3272,393.6244,23.755,11.7921,40.2904,0.3988395037668404
79,TCGA-CZ-5465-01A-01R-1503-07,111.3976,103.285,191.6775,432.1909,17.9652,13.2989,31.9555,0.5830335943421316
80,TCGA-AK-3433-01A-02R-1277-07,5.5602,18.229,24.4493,18.8133,3.3142,1.7447,8.3807,5.0585234351970275e-05
81,TCGA-B2-5639-01A-01R-1541-07,45.7178,43.9677,75.9204,213.0067,9.8041,6.1801,21.2608,0.0013358959612061257
82,TCGA-CJ-4904-01A-02R-1426-07,121.8434,237.9713,305.6236,374.0955,47.3087,25.0494,118.6647,0.9999997673401104
83,TCGA-B8-4622-01A-02R-1277-07,102.3584,110.6725,181.2368,532.0546,22.6588,11.644,50.3109,0.6711424923759278
84,TCGA-A3-3324-01A-02R-1325-07,109.7303,81.1325,126.2728,676.1254,20.2109,5.7771,31.9068,0.039380752494054025
85,TCGA-BP-4759-01A-01R-1289-07,67.9497,100.5263,150.5207,331.1879,24.8458,11.2808,36.5376,0.422670788856993
86,TCGA-B0-4693-01A-01R-1277-07,59.8619,90.2125,149.3379,345.6587,21.9468,12.3102,39.6556,0.25245874906695626
87,TCGA-B8-A54K-01A-11R-A33J-07,58.2656,120.1808,230.903,706.1058,23.7651,16.4355,50.8366,0.9260980561511715
88,TCGA-B2-5633-01A-01R-A277-07,90.99,48.5952,19.7129,281.7725,8.1434,21.0004,28.0037,0.03432144679552666
89,TCGA-B2-A4SR-01A-11R-A266-07,152.2075,234.41299999999998,399.5061,638.3133,53.6471,21.3054,85.8547,0.9999993327727992
90,TCGA-BP-4166-01A-02R-1289-07,129.8439,128.834,190.9163,633.5043,36.407,18.0738,58.5983,0.9748520188419432
91,TCGA-CZ-5457-01A-01R-1503-07,17.7535,94.6243,176.8687,221.5319,24.6244,18.3957,41.2792,0.6219221600883155
92,TCGA-BP-4774-01A-01R-1289-07,50.19,116.6682,240.4667,172.0446,26.2523,14.7346,52.4914,0.8665805432799657
93,TCGA-A3-A8OU-01A-11R-A37O-07,36.5239,122.1848,200.3314,423.2498,24.3241,16.3075,49.6828,0.9365765141139851
94,TCGA-G6-A8L8-01A-21R-A37O-07,212.5024,134.8517,299.3346,916.1447,17.0006,22.4618,84.1765,0.9937334798372348
95,TCGA-B8-4154-01A-01R-1188-07,60.1324,66.7267,161.7551,349.9299,14.7172,15.6159,24.4676,0.0652002181656234
96,TCGA-B0-5698-01A-11R-1672-07,93.1618,114.6561,155.4281,317.9831,20.3721,14.7715,41.0828,0.8440473860111155
97,TCGA-B0-4828-01A-01R-1277-07,19.1922,20.4787,53.1401,114.6308,4.9266,3.3956,11.5338,8.58228109757515e-05
98,TCGA-CJ-6032-01A-11R-1672-07,111.5199,131.9849,187.7594,598.8813,23.4986,15.408,45.1956,0.9690118313330074
99,TCGA-BP-4994-01A-01R-1334-07,27.1819,54.2279,124.5811,266.7488,13.9182,5.2372,19.6428,0.0029249689359375397
100,TCGA-BP-4797-01A-01R-1305-07,27.5901,57.2136,91.9985,143.5092,14.1998,6.0732,23.0387,0.0045414859898650906
101,TCGA-BP-4352-01A-01R-1289-07,6.6289,2.4503,8.072000000000001,15.454,0.9173,0.609,1.652,9.206093150356114e-06
102,TCGA-CZ-5464-01A-01R-1503-07,33.3371,85.5045,162.7344,84.3762,16.840999999999998,12.8913,45.5853,0.19507146748797569
103,TCGA-BP-4982-01A-01R-1334-07,70.6951,163.0482,265.6339,404.4822,41.9384,14.3791,60.483999999999995,0.9979141547166015
104,TCGA-BP-4995-01A-01R-1334-07,45.0652,83.9661,147.341,432.1459,20.9038,8.6755,28.529,0.0853905330168116
105,TCGA-B0-5710-01A-11R-1672-07,529.7452,488.4213,594.6397,2766.1502,85.1795,45.1703,147.488,1.0
106,TCGA-BP-4968-01A-01R-1334-07,70.8726,88.0813,198.856,515.8051,18.5037,11.0259,40.5962,0.1775999998378829
107,TCGA-BP-4959-01A-01R-1334-07,32.9781,41.5955,70.8031,217.7722,11.5207,4.6233,12.644,0.0007929516490492328
108,TCGA-AK-3458-01A-01R-1503-07,11.0069,23.2127,55.1688,120.4092,7.3283,5.2398,10.9217,0.00015815470489439007
109,TCGA-CZ-5456-01A-01R-1503-07,42.128,40.8412,58.5573,212.1829,8.3566,4.5674,16.6482,0.0007307447140052837
110,TCGA-A3-3362-01A-02R-1325-07,50.3646,103.2145,197.959,216.2552,23.1032,16.7746,41.4014,0.7301883376853494
111,TCGA-BP-4330-01A-01R-1289-07,54.8821,93.0511,148.3318,261.6361,26.8655,11.0572,47.3999,0.257562717403843
112,TCGA-CJ-4872-01A-01R-1305-07,76.5961,140.0554,246.6192,471.7982,30.36,19.0446,50.4015,0.9926123737069142
113,TCGA-6D-AA2E-01A-11R-A37O-07,0.8773,18.1793,32.9765,17.1221,4.3411,4.9419,15.1711,9.298812449763368e-05
114,TCGA-A3-3319-01A-02R-1325-07,27.392,15.6223,25.4904,91.16,3.1984,2.1124,5.2402,4.2468080987602794e-05
115,TCGA-A3-3374-01A-02R-1325-07,0.9002,9.4896,11.7912,9.8208,1.4468,1.2872,4.9227,2.0346276918945397e-05
116,TCGA-BP-4335-01A-01R-1289-07,89.556,84.4373,168.5495,404.63300000000004,17.0587,12.9603,34.8326,0.18173361601683224
117,TCGA-CJ-4874-01A-01R-1305-07,102.5564,113.3987,224.7869,383.2727,24.3637,17.1943,50.9061,0.8844410450461855
118,TCGA-B8-4143-01A-01R-1188-07,51.1117,67.3113,141.0349,169.9079,17.2284,8.943999999999999,39.73,0.020072295814282052
119,TCGA-B2-3924-01A-02R-1325-07,30.7302,61.0914,118.8292,215.6217,19.8362,11.7401,24.718000000000004,0.01912763139074122
120,TCGA-A3-3382-01A-02R-1325-07,98.0152,130.3092,162.2216,272.0723,22.7566,12.1906,39.8172,0.9350788698206208
121,TCGA-B0-4836-01A-01R-1305-07,45.3932,47.1239,84.2933,137.7674,11.5652,6.5187,22.7292,0.0019178765200623313
122,TCGA-CJ-6030-01A-11R-1672-07,66.3558,88.7569,164.9326,235.3932,16.5492,13.6072,38.4369,0.27413845857466934
123,TCGA-B0-4845-01A-01R-1277-07,83.905,115.6984,225.8343,574.7317,23.1789,12.71,46.1854,0.800786014743627
124,TCGA-CJ-4908-01A-01R-1426-07,149.1656,274.7475,369.4341,546.4886,61.6818,24.2029,132.8102,0.9999999914257459
125,TCGA-CJ-4887-01A-01R-1305-07,61.0017,54.8007,103.6398,344.5582,12.154000000000002,6.4131,26.151,0.003864893948649582
126,TCGA-EU-5905-01A-11R-1672-07,26.590999999999998,121.8058,198.9672,116.9139,27.9578,18.592,47.8043,0.9566900079118239
127,TCGA-CZ-5469-01A-01R-1503-07,45.761,40.859,79.8998,212.9418,7.8605,6.0075,26.2294,0.0009647392463169851
128,TCGA-DV-5574-01A-01R-1541-07,43.5065,218.0022,268.6967,177.954,47.4548,26.5457,73.1773,0.9999988552373644
129,TCGA-CJ-4870-01A-01R-1305-07,59.4159,127.2564,264.4851,358.5332,30.2786,19.9651,86.6624,0.979605397113999
130,TCGA-BP-4781-01A-01R-1305-07,49.711999999999996,77.4033,122.4216,295.7495,18.3287,10.7465,29.0425,0.06966360458823596
131,TCGA-CJ-6033-01A-11R-1672-07,191.1756,156.6564,259.7131,644.4499,28.8107,16.986,63.9407,0.9976914579933209
132,TCGA-CJ-4884-01A-01R-1305-07,76.9323,61.5488,94.4523,319.7542,11.7756,6.9707,22.3235,0.008086253759528986
133,TCGA-BP-4342-01A-01R-1289-07,85.1054,112.0304,148.4296,274.57,20.7054,8.6611,47.0991,0.5668033706013974
134,TCGA-B0-4847-01A-01R-1277-07,9.831,23.2072,41.6684,127.3221,4.4452,5.3785,10.0179,0.00016233591912187667
135,TCGA-B0-4691-01A-01R-1277-07,32.6244,23.3801,67.4405,125.7376,6.9661,4.9842,12.1962,0.0001529779984401242
136,TCGA-B0-4706-01A-01R-1503-07,30.6979,48.0271,127.8284,270.4329,7.8541,7.7191,20.6871,0.0026271951398124664
137,TCGA-A3-3335-01A-01R-0864-07,31.6043,24.4351,44.9684,176.7743,4.9866,2.2237,9.3379,9.948083329086123e-05
138,TCGA-B2-5641-01A-01R-1541-07,32.4734,77.5743,104.12,196.6977,16.2149,9.3572,36.0509,0.05507715773058999
139,TCGA-BP-4981-01A-01R-1334-07,81.017,66.3701,108.7305,306.8976,7.0267,9.4671,27.4467,0.0203046746688984
140,TCGA-BP-4158-01A-02R-1289-07,82.883,95.8013,164.1495,528.002,19.2492,10.2666,40.764,0.2786033625898798
141,TCGA-BP-4790-01A-01R-1305-07,60.3897,125.705,191.6296,312.3517,31.6917,11.0114,51.7694,0.8815916359343916
142,TCGA-BP-4329-01A-02R-1289-07,72.8401,77.1832,181.3929,578.3031,22.6262,13.3463,48.528,0.10777235863715492
143,TCGA-BP-4970-01A-01R-1334-07,14.0316,139.0494,192.2178,437.6815,40.3509,16.0965,57.6168,0.9857979419796061
144,TCGA-BP-5192-01A-01R-1426-07,66.7884,141.2479,203.7463,172.7737,27.0891,15.8978,55.056999999999995,0.9879785643743316
145,TCGA-BP-4167-01A-02R-1325-07,16.5091,32.8542,70.6485,48.971000000000004,11.8235,6.7127,16.7909,0.0005199893133011708
146,TCGA-B0-5703-01A-11R-1541-07,23.0355,37.5351,75.0649,56.2718,8.8876,5.9603,21.9237,0.0006992795956076301
147,TCGA-CZ-4857-01A-01R-1305-07,52.6117,55.5184,92.5216,168.394,12.8144,4.8403,26.3573,0.0030602964810932565
148,TCGA-CZ-5454-01A-01R-1503-07,196.2671,120.0288,179.7222,1047.2255,18.823,14.0925,37.762,0.8873857054782929
149,TCGA-B0-4842-01A-02R-1420-07,13.2577,30.7673,39.6993,54.8734,5.5816,2.7157,16.5298,0.00019846044615769276
150,TCGA-B0-4822-01A-01R-1277-07,27.2077,71.0716,127.8269,204.3791,18.024,11.0909,50.244,0.0422071508329447
151,TCGA-CW-5584-01A-01R-1541-07,94.866,169.4008,288.5638,640.6893,31.8522,21.7732,57.8018,0.999722006254056
152,TCGA-BP-4971-01A-01R-1334-07,45.1327,33.6862,111.7973,144.415,11.2712,4.5125,17.023,0.0003687419166107898
153,TCGA-AS-3778-01A-01R-A32Z-07,21.7382,130.3856,237.623,263.9657,29.2858,15.9551,58.3728,0.9676122334417533
154,TCGA-BP-4991-01A-01R-1334-07,131.0212,253.6039,376.9373,700.0628,65.4426,20.7548,94.4594,0.9999998782996585
155,TCGA-A3-3306-01A-01R-0864-07,44.7936,51.7118,92.2837,293.1847,13.7376,6.579,17.3886,0.002985500343155676
156,TCGA-B0-5117-01A-01R-1420-07,9.7219,18.6832,28.3957,54.5519,4.5503,1.9643,6.3856,5.506798153202009e-05
157,TCGA-CJ-4886-01A-01R-1305-07,65.0693,157.0538,246.16299999999998,623.999,41.2907,16.794,63.422,0.9976927917887799
158,TCGA-EU-5906-01A-11R-1672-07,65.105,233.0049,313.5922,323.8192,48.9427,25.8625,75.6156,0.9999996822588476
159,TCGA-BP-4337-01A-01R-1289-07,33.3977,53.5633,88.0163,116.9799,14.1465,6.2772,30.1104,0.003352954323823667
160,TCGA-BP-4972-01A-01R-1334-07,78.5155,120.7142,204.2003,461.1679,29.5368,13.8111,36.2362,0.8884351856069106
161,TCGA-CZ-5463-01A-01R-1503-07,186.7178,88.5857,134.0634,928.5947,19.1348,8.8066,24.2468,0.12886053957930219
162,TCGA-BP-4340-01A-01R-1289-07,27.7043,66.3355,98.2922,268.9875,11.4587,7.9475,22.6084,0.015198306362631895
163,TCGA-AK-3455-01A-01R-0864-07,49.5006,40.0672,92.3268,463.2411,10.7793,9.218,20.6664,0.0016568726380859966
164,TCGA-BP-4804-01A-02R-1305-07,56.6574,88.1224,170.0542,267.9188,23.07,11.0639,42.067,0.1792362520852272
165,TCGA-B0-5097-01A-01R-1420-07,191.8665,204.7809,252.3036,613.1005,44.5746,17.1506,73.0238,0.9999758777379265
166,TCGA-BP-4760-01A-02R-1420-07,32.7116,104.0191,217.5955,211.2096,28.9598,14.1407,44.3134,0.6378187776217101
167,TCGA-BP-4174-01A-02R-1289-07,49.99,39.3417,83.9701,346.912,11.7983,6.1067,22.9358,0.0008524552086575939
168,TCGA-B0-5705-01A-11R-1541-07,39.5866,116.148,177.4588,114.67299999999999,18.1036,12.1947,38.5702,0.7916118510901686
169,TCGA-BP-4326-01A-01R-1289-07,148.6068,138.4414,186.4142,432.0446,59.8733,10.4432,47.7895,0.9568082786832525
170,TCGA-CJ-4637-01A-02R-1325-07,49.0449,32.4865,50.1718,225.6916,9.0991,12.8173,12.5,0.001618959686508993
171,TCGA-B8-5550-01A-01R-1541-07,89.7616,132.9973,228.1337,325.7917,29.5582,12.9355,77.3756,0.9553636509787898
172,TCGA-B0-5119-01A-02R-1420-07,36.5466,133.1504,217.713,221.8579,30.8129,15.5832,81.3371,0.9730394045864507
173,TCGA-A3-3372-01A-02R-1325-07,218.8257,144.6011,245.13,1151.1444,35.3073,11.7661,54.5361,0.980770277896765
174,TCGA-BP-4341-01A-01R-1289-07,53.2285,124.7066,237.5681,211.1104,17.4753,11.4505,51.2849,0.8805691974750612
175,TCGA-CJ-4885-01A-01R-1305-07,91.7649,86.2969,174.8334,512.2374,14.3404,8.6652,34.2284,0.10398183463871898
176,TCGA-B0-4710-01A-01R-1503-07,45.2485,108.6968,216.4394,189.5697,22.697,19.0786,55.9182,0.8758804559475069
177,TCGA-CJ-5675-01A-11R-1541-07,46.1908,60.2347,99.0008,362.6622,11.8842,9.9566,31.2727,0.012614245710002874
178,TCGA-B0-4699-01A-01R-1277-07,19.8753,18.4321,25.1036,57.7867,3.4117,3.3474,10.7936,7.012788458638824e-05
179,TCGA-B0-5695-01A-11R-1541-07,76.7748,197.9787,306.0622,662.4605,33.8315,23.0598,94.90799999999999,0.9999852719429453
180,TCGA-CZ-4861-01A-01R-1305-07,14.8354,19.7443,37.1387,47.6865,5.2755,3.7106,10.0287,8.507847316876474e-05
181,TCGA-A3-3308-01A-02R-1325-07,77.8377,132.0456,249.1888,348.4654,36.5661,12.6406,68.9876,0.9486965170236024
182,TCGA-B0-5085-01A-01R-1334-07,14.5716,44.1507,68.3039,87.9405,7.4703,4.5312,18.0678,0.000990803715921725
183,TCGA-B0-5088-01A-01R-1334-07,32.4302,80.1052,145.7936,253.5664,16.7914,10.7024,36.2405,0.08739301072268278
184,TCGA-BP-4973-01A-01R-1334-07,65.9345,80.2451,119.7439,478.0287,16.7708,7.367000000000001,30.0686,0.048671281863137864
185,TCGA-BP-4327-01A-01R-1289-07,97.4415,106.4525,166.2451,336.711,17.4323,11.749,46.9514,0.58324385950716
186,TCGA-BP-4988-01A-01R-1334-07,29.6116,95.0757,152.5733,155.0329,21.4272,11.4361,46.2854,0.31103042691500504
187,TCGA-B0-4701-01A-01R-1277-07,56.2194,62.2494,120.9241,384.86,14.4588,9.2355,26.916999999999998,0.01327007582936852
188,TCGA-CW-6093-01A-11R-1672-07,116.303,286.8014,371.5753,881.2931,61.3223,32.242,99.5357,0.9999999994108346
189,TCGA-A3-3346-01A-01R-1766-07,3.6781,9.3916,18.2754,11.5166,4.2507,4.3388,5.8864,3.620683135180986e-05
190,TCGA-CJ-4639-01A-02R-1325-07,242.27,185.5789,310.2881,1083.2353,43.1447,19.2476,85.0632,0.9999016113746481
191,TCGA-B0-5402-01A-01R-1503-07,54.515,116.2118,190.0608,369.9098,32.93,11.6358,45.888999999999996,0.7744175249205182
192,TCGA-MM-A84U-01A-11R-A37O-07,11.9096,44.2629,87.88799999999999,156.7913,11.0283,6.7334,20.8303,0.0015271250362079995
193,TCGA-B4-5834-01A-11R-1672-07,222.7677,368.7452,472.2747,1419.6477,79.5254,32.3685,157.0401,0.999999999999744
194,TCGA-CZ-4853-01A-01R-1426-07,46.7421,55.4047,98.2312,148.0749,11.8091,7.2806,27.2852,0.004827447870411818
195,TCGA-BP-4160-01A-02R-1289-07,36.361999999999995,56.3245,118.1686,345.1193,21.3579,13.6265,26.1905,0.01756342622713179
196,TCGA-CZ-4865-01A-02R-1503-07,43.9532,115.1838,188.108,458.8552,27.7525,14.277999999999999,51.0604,0.8380308585172414
197,TCGA-BP-4758-01A-01R-1289-07,69.3172,99.6371,172.5534,234.3442,21.1686,12.7321,37.8478,0.4707695886451479
198,TCGA-B0-5120-01A-01R-1420-07,19.2715,129.5068,180.1457,251.5383,32.1068,11.4578,40.8356,0.9206544439720087
199,TCGA-CJ-6028-01A-11R-1672-07,108.4327,79.3719,109.0091,404.1911,17.8652,8.5537,29.5674,0.055867911306273686
200,TCGA-CJ-4899-01A-01R-1334-07,22.5663,230.5889,270.0572,228.0523,46.4413,15.3914,79.7491,0.9999970246112146
201,TCGA-A3-3349-01A-01R-1188-07,80.259,264.0744,492.1301,369.9211,64.0789,29.4779,133.6294,0.9999999914869345
202,TCGA-B0-5121-01A-02R-1420-07,46.7279,86.1321,148.1616,118.8946,15.9195,11.4445,40.4996,0.163020575417046
203,TCGA-CZ-4858-01A-01R-1305-07,11.3794,15.5415,27.0346,36.9717,10.9586,7.3757,8.3055,0.0001157097324116914
204,TCGA-A3-A6NJ-01A-12R-A33J-07,11.0477,105.9464,162.1049,439.2065,30.4633,16.317,73.5248,0.7622458608366253
205,TCGA-B0-5706-01A-11R-1541-07,46.3171,48.0573,78.7871,175.9328,10.2831,7.7153,20.9922,0.002632742254139862
206,TCGA-BP-4976-01A-01R-1334-07,48.2182,134.5288,196.2978,229.6316,25.7519,13.2077,42.5167,0.963030828862726
207,TCGA-CJ-5679-01A-11R-1541-07,32.6674,38.9063,66.9488,108.6864,6.9774,5.2929,18.9704,0.000700017208177667
208,TCGA-A3-3367-01A-02R-1420-07,31.5673,67.2685,143.2416,353.8452,17.3181,6.4239,24.9259,0.0124222042695936
209,TCGA-B2-5636-01A-02R-1541-07,35.156,332.2731,504.3712,336.1353,72.4415,32.4232,142.77100000000002,0.9999999999921398
210,TCGA-AK-3451-01A-02R-1188-07,8.2167,22.0993,69.5435,108.2815,5.6909,6.1444,8.7568,0.0001694067872778161
211,TCGA-B0-5084-01A-01R-1334-07,5.7642,16.2001,25.8789,21.236,3.9336,3.4017,6.6869,5.742980045019737e-05
212,TCGA-CW-5581-01A-02R-1541-07,146.12,158.9801,240.2701,531.741,27.4956,19.7319,59.528999999999996,0.9989035545733117
213,TCGA-B0-5081-01A-01R-1334-07,69.6454,65.7559,99.1091,259.2057,13.3565,7.8361,25.4349,0.014102292241884229
214,TCGA-B8-A54G-01A-11R-A266-07,34.3889,35.312,45.1363,164.9243,5.655,8.1624,12.1155,0.00086532940917123
215,TCGA-BP-4331-01A-01R-1289-07,64.2617,94.5887,191.8445,443.0998,27.5525,20.1324,55.0708,0.6958537392859795
216,TCGA-B2-4099-01A-02R-1188-07,49.1366,56.6888,211.0664,171.0988,13.7724,18.4967,21.6902,0.04498786648279086
217,TCGA-DV-5576-01A-01R-1541-07,52.148999999999994,121.2317,283.2341,335.2756,35.6519,14.1856,72.8505,0.8998406385987016
218,TCGA-CJ-4916-01A-01R-1426-07,46.4663,65.7625,105.4226,260.373,13.2559,10.8211,27.2127,0.024752142565572642
219,TCGA-DV-5567-01A-01R-1541-07,60.5343,159.2,307.161,220.6802,35.3245,14.763,78.0364,0.9972179278710716
220,TCGA-CW-6088-01A-11R-1672-07,117.2013,245.2369,336.0324,772.9001,62.7823,20.5953,90.8194,0.9999997240833329
221,TCGA-BP-4344-01A-01R-1289-07,66.4815,188.2169,372.0557,599.2097,46.6903,29.3359,58.7014,0.9999889252324878
222,TCGA-B0-4811-01A-01R-1503-07,26.4796,23.7235,60.6112,108.6598,6.8612,3.2542,14.4942,0.00011337368961516327
223,TCGA-AK-3443-01A-02R-1325-07,3.4443,15.4432,25.9255,27.4264,3.2072,2.6578,5.957000000000001,4.636494738524487e-05
224,TCGA-A3-A8OX-01A-11R-A37O-07,20.4986,121.8956,160.2235,178.5029,25.9789,14.6773,62.4637,0.9131193577709243
225,TCGA-CZ-4859-01A-02R-1426-07,48.9504,108.3144,162.8739,551.7641,18.3152,12.8187,57.3466,0.6718830255769815
226,TCGA-DV-5568-01A-01R-1541-07,93.0462,105.8791,189.1867,393.5184,26.8626,11.6474,45.8683,0.5652776881303736
227,TCGA-B0-5108-01A-01R-1420-07,158.4077,188.1206,259.9117,687.1462,37.1636,18.1889,78.2715,0.9999051083294923
228,TCGA-BP-5174-01A-01R-1426-07,26.0286,51.743,85.2334,148.2953,8.9775,6.4338,21.7637,0.0029122193879393887
229,TCGA-BP-4977-01A-01R-1334-07,34.0327,46.202,113.8818,155.8189,8.4813,3.7223,14.686,0.0010290850566682793
230,TCGA-CJ-4895-01A-01R-1305-07,41.8248,88.9042,141.0395,146.7626,17.38,11.5194,41.4993,0.20415933753251134
231,TCGA-CZ-5987-01A-11R-1672-07,12.8492,20.8777,76.9332,82.6183,3.448,3.7097,9.0287,9.464426585828997e-05
232,TCGA-BP-4998-01A-01R-1334-07,38.0855,109.4742,185.1393,288.7034,30.4351,12.1335,51.7005,0.6669551276067994
233,TCGA-A3-3383-01A-02R-1325-07,32.1774,50.571999999999996,211.32299999999998,382.7136,11.8687,12.7803,32.7303,0.008763827927329396
234,TCGA-B0-4837-01A-01R-1305-07,66.3837,108.2006,165.5634,277.8399,15.2715,10.3172,44.2637,0.5562522833760848
235,TCGA-CJ-5678-01A-11R-1541-07,31.8825,46.2281,99.5421,285.6084,7.045,9.3763,17.4159,0.003046808838905769
236,TCGA-BP-5006-01A-01R-1334-07,25.8421,93.7377,173.372,200.1597,22.2129,9.8944,37.5448,0.2284373790333292
237,TCGA-B0-4813-01A-01R-1277-07,42.9802,43.3337,128.8785,267.4143,9.0858,3.8316,23.5929,0.0008023266310228759
238,TCGA-B0-4696-01A-01R-1277-07,2.7049,12.4384,26.0309,13.26,2.3857,1.6614,8.3516,2.8858056882022107e-05
239,TCGA-CJ-4640-01A-02R-1325-07,32.3884,72.6922,135.1123,205.428,19.5713,15.2749,33.9536,0.10279672835899413
240,TCGA-B0-4810-01A-01R-1503-07,64.7607,131.0228,261.7097,443.8604,27.8063,15.925999999999998,52.6658,0.9692750160141854
241,TCGA-CJ-5689-01A-11R-1541-07,80.69800000000001,91.3451,162.2146,263.1119,17.9788,11.5682,38.0329,0.2457755274399871
242,TCGA-B0-4819-01A-01R-1277-07,23.2445,38.1056,70.1191,48.4356,13.5656,5.6644,23.9589,0.0006971460461196316
243,TCGA-CZ-5988-01A-11R-1672-07,105.4932,179.36599999999999,239.9091,516.2822,41.3769,21.3312,55.8915,0.9998815911924467
244,TCGA-EU-5904-01A-11R-1672-07,157.5547,269.0592,387.275,1783.9863,47.0903,25.7295,82.1809,0.999999989070269
245,TCGA-AS-3777-01A-01R-0864-07,1.5835,11.1415,57.4098,11.4949,2.3739,1.6951,4.8928,2.5706112979725504e-05
246,TCGA-CZ-4856-01A-02R-1426-07,54.0541,113.036,252.6612,188.1483,27.0546,19.6383,45.2671,0.9220129677166072
247,TCGA-DV-5565-01A-01R-1541-07,159.6903,199.2876,319.6797,384.8438,71.2814,16.3913,117.9095,0.9999531884320068
248,TCGA-A3-3363-01A-01R-0864-07,1.0902,3.9908,38.7315,5.8634,1.4216,8.7736,2.4913,5.0991600177938334e-05
249,TCGA-B0-4697-01A-01R-1277-07,20.7511,18.6726,41.6861,48.4487,4.9912,4.1936,10.6455,8.4380647646049e-05
250,TCGA-CJ-4912-01A-01R-1426-07,26.3011,38.3021,77.6871,96.165,7.96,6.3916,20.3541,0.0008164192944780925
251,TCGA-CJ-4888-01A-01R-1305-07,49.7716,42.6667,72.2462,112.1607,10.2343,7.9439,19.0413,0.0016573708202138112
252,TCGA-BP-4176-01A-02R-1289-07,96.6937,62.4529,121.3979,401.3879,16.8951,9.0937,23.7284,0.013165116952152812
253,TCGA-CJ-4873-01A-01R-1305-07,12.3351,29.584,51.8846,37.306999999999995,5.852,5.399,15.3039,0.00029707277937721967
254,TCGA-A3-3328-01A-01R-0864-07,21.5859,16.3912,33.8801,69.1987,2.5786,2.1469,3.6223,4.596029577154688e-05
255,TCGA-B8-5162-01A-01R-1420-07,29.4282,89.4914,109.84899999999999,127.7315,19.0764,13.6756,34.7231,0.2908145008695813
256,TCGA-CJ-4641-01A-02R-1325-07,35.3918,44.3573,70.7232,164.9672,11.0705,7.6882,16.9087,0.001849984042539231
257,TCGA-B0-4713-01A-01R-1277-07,13.9143,12.674000000000001,30.2256,62.4124,4.4706,2.0796,7.7317,3.1970844126302224e-05
258,TCGA-CZ-5989-01A-11R-1672-07,227.7028,62.5567,70.0031,2701.2641,29.3937,3.6562,7.5717,0.0047228918404042634
259,TCGA-B0-5700-01A-11R-1541-07,36.6868,93.0555,238.4271,182.1386,20.0435,15.3112,54.2482,0.43981110621997743
260,TCGA-CJ-4920-01A-01R-1426-07,152.3153,149.9143,234.2589,689.1749,27.4015,12.4218,49.0007,0.9896263472631499
261,TCGA-B0-4834-01A-01R-1305-07,15.3608,41.7398,54.7518,112.4735,8.6255,5.1979999999999995,13.4163,0.0008974254785157044
262,TCGA-BP-4770-01A-01R-1503-07,29.9796,64.431,77.9482,175.1604,12.7473,8.735,40.5156,0.014781517400146946
263,TCGA-BP-4787-01A-01R-1305-07,33.8294,48.4622,82.7037,88.4967,9.9505,5.327000000000001,22.594,0.0017310888793103745
264,TCGA-BP-5173-01A-01R-1426-07,81.8354,98.7638,153.2848,439.958,24.7706,14.6667,39.3265,0.5428819497427301
265,TCGA-AK-3445-01A-02R-1277-07,34.8594,77.1168,132.015,239.5826,15.2309,8.0849,38.7091,0.041902554084156274
266,TCGA-AK-3465-01A-02R-1325-07,11.4552,25.9737,32.169000000000004,23.8573,6.9309,2.5459,18.7583,0.00012232276758643258
267,TCGA-BP-5182-01A-01R-1426-07,24.633000000000003,70.0291,107.962,187.0515,21.1686,7.9884,25.6531,0.0215503490348989
268,TCGA-BP-4999-01A-01R-1334-07,73.4948,177.2486,276.7723,457.4105,44.1952,14.3098,68.9768,0.9994441532014052
269,TCGA-B0-4714-01A-01R-1277-07,43.8049,52.3939,137.6602,189.967,11.7178,11.0485,29.7182,0.007472108812489747
270,TCGA-AK-3426-01A-02R-1325-07,14.1378,16.6808,36.5705,12.7318,4.9146,4.833,10.8783,7.908100187887955e-05
271,TCGA-CW-6090-01A-11R-1672-07,107.26,113.4111,229.1982,655.6732,27.7295,16.1998,40.993,0.8635979623573072
272,TCGA-B0-5690-01A-11R-1541-07,265.4516,518.0015,660.6311,1388.9382,81.8568,42.0947,183.1778,1.0
273,TCGA-BP-5184-01A-01R-1426-07,13.1713,123.3048,182.7564,177.6834,27.5764,12.5704,48.205,0.8890159189109939
274,TCGA-B0-4817-01A-01R-1277-07,8.2468,8.006,13.0408,28.7804,1.7856,1.4228,10.2392,1.815977879271769e-05
275,TCGA-B0-5100-01A-01R-1420-07,46.896,77.8626,214.5223,137.6699,24.641,9.9149,52.7508,0.06249137407748743
276,TCGA-DV-5573-01A-01R-1541-07,17.4488,54.391000000000005,104.1318,224.5512,16.1922,8.4326,30.9528,0.0054699899517925135
277,TCGA-BP-4961-01A-01R-1334-07,80.0714,235.2122,398.0693,112.2817,60.5367,23.5788,114.4733,0.9999995999420137
278,TCGA-B0-4816-01A-01R-1503-07,72.4178,149.0393,254.0077,256.3332,28.3581,17.2155,70.5336,0.9954837990897794
279,TCGA-AK-3453-01A-02R-1277-07,10.7442,23.5006,39.9786,138.2313,4.3524,4.2708,10.4758,0.0001349305336645046
280,TCGA-B0-5115-01A-01R-1420-07,82.9929,176.954,261.9579,874.8313,34.1699,16.3701,76.2126,0.9996150782575864
281,TCGA-AK-3461-01A-02R-1277-07,51.4679,137.4211,248.5587,561.3012,29.908,17.7851,72.5106,0.987999855833147
282,TCGA-A3-A8OW-01A-11R-A37O-07,52.8787,218.2538,381.2145,197.0446,45.1271,26.3707,131.4222,0.9999988438611007
283,TCGA-B0-4848-01A-01R-1277-07,50.9415,92.8699,158.2709,264.0999,19.2313,14.9873,44.7633,0.42029500873543707
284,TCGA-BP-4983-01A-01R-1334-07,15.7798,14.2129,17.4183,42.3067,4.334,3.8901,7.2881,5.230826596182229e-05
285,TCGA-AK-3436-01A-02R-1325-07,43.9477,78.57,158.6458,169.7145,10.8512,8.681000000000001,25.5356,0.053233572859043954
286,TCGA-MM-A563-01A-11R-A266-07,55.7209,108.3788,182.0159,530.3749,21.1431,17.959,57.9474,0.8467311378348544
287,TCGA-B0-5075-01A-01R-1334-07,13.1233,19.0047,34.7727,80.3766,3.7947,3.4545,7.0386,7.554962100639452e-05
288,TCGA-GK-A6C7-01A-11R-A33J-07,146.3717,287.4853,568.8530000000001,1126.2525,54.1623,37.0946,190.8794,0.9999999997823037
289,TCGA-B0-4718-01A-01R-1277-07,149.1735,87.1798,176.3125,690.5871,12.7684,12.8118,43.9288,0.2184232747435962
290,TCGA-CZ-5468-01A-01R-1503-07,67.7215,66.0216,111.2849,255.2518,10.3863,6.9686,33.282,0.0122649960054077
291,TCGA-BP-4349-01A-01R-1289-07,116.6916,142.5083,242.5794,441.6609,31.2665,16.1055,77.6913,0.9897230335182091
292,TCGA-BP-4775-01A-01R-1289-07,66.1989,88.4201,144.3392,560.8421,22.4699,8.2435,35.251999999999995,0.11560510294656469
293,TCGA-CW-5590-01A-01R-1541-07,96.5971,137.6091,246.0541,523.3104,27.4206,15.3496,64.7689,0.9813137013695921
294,TCGA-B8-A54F-01A-11R-A266-07,23.7155,81.5001,148.2434,635.7507,23.7068,7.9805,34.2214,0.060833244144207675
295,TCGA-B0-4712-01A-01R-1503-07,21.4217,34.4865,88.90700000000001,64.5825,8.8487,7.4205,18.8482,0.000694487533017752
296,TCGA-B0-5713-01A-11R-1672-07,83.0723,202.5622,275.0561,406.6464,30.3022,24.7171,68.4974,0.9999930405734323
297,TCGA-B0-4818-01A-01R-1503-07,47.6639,107.4813,184.1053,436.7546,20.8859,14.9463,49.3098,0.74011018511999
298,TCGA-B2-3923-01A-02R-1325-07,10.0654,25.9501,31.6266,34.6485,5.8422,2.1467,13.4425,0.00011305161994064313
299,TCGA-BP-5004-01A-01R-1334-07,83.9342,99.9276,169.0392,445.5451,28.2802,8.7496,33.7035,0.2986090331564002
300,TCGA-BP-5010-01A-02R-1420-07,25.8647,52.1645,108.6166,50.9984,15.2434,6.8583,34.0072,0.003286075735208344
301,TCGA-BP-5178-01A-01R-1426-07,14.8653,41.3285,52.6021,54.372,8.5769,4.7713,16.7689,0.0007955365649647184
302,TCGA-A3-3385-01A-02R-1420-07,15.2583,36.4414,54.445,163.8443,8.5143,3.3087,10.882,0.0003793807468389257
303,TCGA-B2-4102-01A-02R-1325-07,59.7455,93.8073,150.8925,387.7477,24.8802,13.0368,33.997,0.3526108334677809
304,TCGA-CZ-5986-01A-11R-1672-07,92.8936,124.2668,148.9969,930.1299,26.5588,9.8756,34.8855,0.8394572785107755
305,TCGA-BP-5008-01A-01R-1334-07,30.5086,113.3162,173.2317,259.5145,30.3402,12.6292,44.4937,0.7597618858286006
306,TCGA-BP-4161-01A-02R-1325-07,87.5785,63.9791,114.6276,242.3912,14.6864,9.3981,26.3677,0.016066933723805275
307,TCGA-AK-3440-01A-02R-1277-07,10.8231,13.5936,44.1201,77.0354,4.815,2.3939,4.3345,3.7030149885551456e-05
308,TCGA-CJ-4643-01A-02R-1325-07,120.9119,147.159,243.7393,658.5379,37.3366,16.7103,74.1927,0.9940685718244855
309,TCGA-CJ-4902-01A-01R-1426-07,195.3204,220.9477,314.0375,605.2172,38.0106,21.9387,89.5505,0.9999979001050949
310,TCGA-BP-5199-01A-01R-1426-07,68.8846,99.9669,298.4489,230.637,28.0815,14.2819,58.4623,0.5526553637142196
311,TCGA-CJ-5686-01A-11R-1672-07,73.5742,109.6946,147.9786,377.1926,20.2799,13.7589,37.6492,0.7363554369816784
312,TCGA-CJ-4903-01A-01R-1426-07,59.0303,72.9993,97.9305,401.6262,17.0472,6.8617,23.3656,0.02293069309063135
313,TCGA-A3-3311-01A-02R-1325-07,19.6695,61.3598,96.9413,197.3431,16.0872,7.0177,25.2043,0.008016140581020603
314,TCGA-BP-5175-01A-01R-1426-07,22.3993,19.2912,30.6425,54.9077,4.1932,2.0311,9.7605,5.906504152838106e-05
315,TCGA-B0-5080-01A-01R-1503-07,89.205,290.8527,432.1805,656.9252,50.7546,38.9136,128.0577,0.9999999998881759
316,TCGA-MW-A4EC-01A-11R-A266-07,10.4786,90.1859,234.4316,98.0308,27.6112,21.1041,52.3479,0.6455375815829557
317,TCGA-A3-3317-01A-02R-1325-07,63.7833,74.0304,228.5728,312.0379,22.385,6.8737,26.7074,0.025266648204305076
318,TCGA-B0-5098-01A-01R-1420-07,4.5351,5.4581,10.7842,18.86,1.4632,10.0387,2.9985,7.463309864845251e-05
319,TCGA-CZ-5460-01A-01R-1503-07,48.1226,66.1842,118.0152,395.631,12.1381,8.985,32.2701,0.018227812649583505
320,TCGA-B0-4690-01A-01R-1277-07,29.7121,43.5668,72.4852,83.2664,13.6211,7.0583,25.3934,0.0015222458819507917
321,TCGA-B0-4844-01A-01R-1277-07,22.8711,20.9951,37.3609,66.2091,3.7539,3.1155,9.9376,8.538451227998197e-05
322,TCGA-BP-4766-01A-01R-1289-07,39.1626,116.4406,167.3964,269.9738,26.6534,13.7995,42.5929,0.8415998664584748
323,TCGA-B0-5116-01A-02R-1420-07,66.1611,110.9943,154.6855,330.6299,20.6027,8.2391,33.9112,0.52255201015134
324,TCGA-CZ-4866-01A-01R-1503-07,19.1139,34.4867,48.8533,147.5813,8.9978,4.1337,11.411,0.0003697359760367604
325,TCGA-T7-A92I-01A-11R-A37O-07,0.3245,7.0791,11.4561,25.733,2.1151,1.9033,4.9151,1.8249335594620416e-05
326,TCGA-CZ-5462-01A-01R-1503-07,31.5757,40.5091,77.4992,142.4222,6.5565,13.4108,13.6551,0.0038533062133499687
327,TCGA-A3-3359-01A-01R-0864-07,30.9623,133.122,213.2796,198.3461,26.8861,13.870999999999999,45.4585,0.9628454546534745
328,TCGA-CJ-4638-01A-02R-1325-07,10.5177,9.1243,22.5367,75.2152,2.2213,1.5265,4.7749,2.058202420080766e-05
329,TCGA-CJ-4876-01A-01R-1305-07,80.0044,42.2553,88.8351,433.1749,9.0413,13.6972,19.2678,0.004794108048344931
330,TCGA-DV-A4VZ-01A-11R-A266-07,34.0168,33.7622,92.3245,135.1819,14.5123,5.4877,20.5382,0.00044778507962267794
331,TCGA-CW-5591-01A-01R-1541-07,10.1868,60.4036,80.8955,119.0984,20.6847,8.7486,30.6029,0.01018965134006459
332,TCGA-B2-5633-01A-01R-1541-07,119.7479,190.3574,292.6096,490.2921,37.4021,23.9489,75.141,0.9999745469979482
333,TCGA-BP-5176-01A-01R-1426-07,38.9972,123.4752,184.7676,211.2207,23.9355,16.285,55.8206,0.9431922664542773
334,TCGA-CZ-5459-01A-01R-1503-07,11.9444,68.4318,113.5536,158.2774,13.8565,11.3441,36.8512,0.03482256776276543
335,TCGA-BP-4163-01A-02R-1325-07,37.8746,56.1192,91.164,314.686,15.5137,5.3975,26.0053,0.0036019366139755414
336,TCGA-BP-4803-01A-01R-1305-07,83.9592,109.9459,192.8533,208.8556,24.1319,10.8987,41.0101,0.6229083121712492
337,TCGA-A3-3378-01A-02R-1325-07,51.8914,44.2045,60.35,102.7749,7.8244,4.4342,15.8516,0.0009774841975216187
338,TCGA-G6-A5PC-01A-11R-A33J-07,4.2717,14.1689,24.8828,49.52,3.0191,2.3161,12.8405,3.851231136007883e-05
339,TCGA-BP-4992-01A-01R-1334-07,10.6131,9.265,17.6189,59.9445,3.9041,1.3534,6.098,2.0175134918131062e-05
340,TCGA-B0-4694-01A-01R-1277-07,31.105999999999998,40.8564,94.7847,163.3461,13.8358,10.6621,27.3037,0.0023529584247029794
341,TCGA-BP-4993-01A-02R-1420-07,43.2851,203.4781,294.7428,439.4402,42.9697,20.9704,79.5707,0.9999868972504308
342,TCGA-B4-5844-01A-11R-1672-07,274.0177,367.4153,435.6868,1353.9460000000001,59.7925,31.6712,131.715,0.9999999999996683
343,TCGA-CZ-5467-01A-01R-1503-07,141.1751,225.5602,384.7775,474.736,40.3026,31.5039,97.5008,0.9999997830337033
344,TCGA-BP-4761-01A-01R-1289-07,5.3956,6.4615,14.4805,19.715,1.2832,1.1375,3.3697,1.4865110052288787e-05
345,TCGA-CJ-5681-01A-11R-1541-07,51.5977,36.5673,49.1148,135.601,5.9075,5.773,13.4236,0.0006158804767713863
346,TCGA-B4-5835-01A-11R-1672-07,4.8897,14.6219,17.0974,24.513,2.3669,11.311,5.1285,0.00022577733355926946
347,TCGA-BP-4346-01A-01R-1289-07,23.275,47.651,71.408,145.2195,12.8139,7.9588,17.4064,0.0026550644638499085
348,TCGA-DV-5566-01A-01R-1541-07,23.6996,88.8649,165.3477,200.2491,18.2606,11.0044,36.0098,0.18800488323838846
349,TCGA-BP-4987-01A-01R-1334-07,42.5237,124.0847,203.3366,493.0014,36.1251,12.5342,55.1976,0.8954092456095801
350,TCGA-B0-5099-01A-01R-1420-07,105.4906,112.6611,228.2446,566.4108,21.7994,14.1299,43.7979,0.7986155079192608
351,TCGA-BP-4756-01A-01R-1289-07,7.1979999999999995,10.008,22.663,31.4779,2.1189,5.4159,3.7119999999999997,4.718031411715498e-05
352,TCGA-BP-4762-01A-02R-1289-07,23.1554,122.3611,215.6103,436.6446,42.1935,19.4805,72.5356,0.9650374766823289
353,TCGA-B2-5635-01A-01R-1541-07,42.0842,99.3288,170.7307,367.9274,20.601999999999997,12.6342,40.568000000000005,0.45887441079854197
354,TCGA-B0-5110-01A-01R-1420-07,114.5881,203.3052,323.8461,823.2976,54.5218,20.7182,76.1535,0.999986021786161
355,TCGA-B8-5545-01A-01R-1672-07,85.199,214.6585,376.1474,353.2866,44.7432,24.712,109.3949,0.9999977700957967
356,TCGA-BP-5190-01A-01R-1426-07,13.8821,28.1648,43.3553,79.324,6.9931,2.9967,11.4064,0.00016393455114401592
357,TCGA-B0-5812-01A-11R-1672-07,113.4734,206.6453,341.5466,1145.2686,62.9065,26.075,83.5919,0.9999963489575766
358,TCGA-B8-5549-01A-01R-1541-07,67.7558,163.1845,199.6192,576.1033,38.099000000000004,14.8362,49.416000000000004,0.9981133139839619
359,TCGA-B0-5691-01A-11R-1541-07,57.2691,172.2652,240.2789,253.7718,33.4141,16.1733,68.8804,0.9993785109810104
360,TCGA-A3-A8CQ-01A-11R-A37O-07,35.5499,252.9529,302.32,509.8412,52.3592,22.9542,97.9955,0.9999999151565492
361,TCGA-CJ-5676-01A-11R-1541-07,38.6238,85.444,163.6939,150.9233,17.6696,11.144,47.143,0.14699242088503808
362,TCGA-BP-5000-01A-01R-1334-07,31.715999999999998,65.6585,129.614,163.9871,13.3381,9.1741,29.6762,0.017992770681046374
363,TCGA-CZ-5461-01A-01R-1503-07,137.4461,125.2231,234.7668,665.9637,27.7372,16.0032,54.9362,0.9488322525360612
364,TCGA-B0-5095-01A-01R-1420-07,132.2587,224.0784,289.1012,517.3028,47.8616,21.3653,87.2638,0.9999982543966826
365,TCGA-B0-5693-01A-11R-1541-07,88.1416,203.1713,366.3796,341.9527,38.8167,24.1126,78.957,0.9999926202548853
366,TCGA-B0-4849-01A-01R-1277-07,72.0114,103.6058,196.3435,523.0044,24.8582,10.5276,58.6241,0.45850655292871245
367,TCGA-B0-4945-01A-01R-1420-07,133.3342,132.5695,233.3742,378.8587,37.0079,20.8546,60.3753,0.9894697054422856
368,TCGA-B8-5163-01A-01R-1420-07,245.15099999999998,219.4312,236.1418,629.2702,38.3596,18.1696,69.4031,0.9999950073049619
369,TCGA-BP-4769-01A-01R-1289-07,63.4971,95.3576,245.5341,179.4006,31.4842,12.3525,42.1108,0.35596867336130356
370,TCGA-BP-4159-01A-02R-1289-07,65.2762,77.7287,180.0766,373.0753,17.9112,14.4938,30.4052,0.1367998897169235
371,TCGA-B0-5109-01A-02R-1420-07,15.2781,25.3155,36.4837,19.379,7.7366,19.0057,13.6395,0.002699155531264616
372,TCGA-B0-5399-01A-01R-1503-07,62.7583,113.7373,181.9966,617.9931,20.8281,11.3622,38.631,0.7206918061830838
373,TCGA-BP-5198-01A-01R-1426-07,48.9308,51.5002,88.0494,156.7805,16.6357,4.9124,25.1616,0.002127366138591253
374,TCGA-B8-5159-01A-01R-1420-07,59.9327,87.5792,134.6229,330.3917,19.1928,10.9349,28.1398,0.16833984748665487
375,TCGA-CJ-5672-01A-11R-1541-07,30.0748,70.8683,101.24,261.16,12.3845,9.8771,24.2851,0.03311439623585453
376,TCGA-BP-4965-01A-01R-1334-07,92.971,186.9075,266.0663,1105.9043,50.4316,20.6141,63.9753,0.9999332060101657
377,TCGA-CW-5583-01A-02R-1541-07,47.3371,197.5971,290.3922,561.2371,43.8554,21.1519,104.396,0.9999779832392603
378,TCGA-A3-3343-01A-01R-0864-07,163.341,117.3188,186.0943,682.3074,23.2586,13.9952,41.685,0.8569806944107318
379,TCGA-B0-4833-01A-01R-1305-07,34.1419,65.5363,126.8097,233.9396,11.2436,8.466000000000001,24.9495,0.01556536926061839
380,TCGA-BP-4798-01A-01R-1305-07,42.4614,35.9231,48.602,128.2335,10.1551,4.3129,23.1501,0.0004380689050511398
381,TCGA-B0-4852-01A-01R-1503-07,56.4922,79.6146,136.77200000000002,224.2209,19.7563,11.1183,27.9825,0.09011101598249012
382,TCGA-CJ-4889-01A-01R-1305-07,17.8365,90.2829,117.3439,360.2069,19.4089,13.2805,30.467,0.29055011073320175
383,TCGA-BP-5181-01A-01R-1426-07,141.9185,187.3,259.7621,583.0953,27.9571,17.6832,71.0941,0.9998870396080265
384,TCGA-CW-5580-01A-01R-1672-07,58.0707,129.8671,190.2867,139.8008,31.5592,15.479000000000001,53.8169,0.9629188546928097
385,TCGA-B8-A54J-01A-11R-A33J-07,55.4115,203.3982,364.1144,535.004,35.2227,25.9394,108.7329,0.9999949123523867
386,TCGA-BP-4960-01A-01R-1334-07,65.1139,56.052,109.3239,342.3868,10.7056,5.7671,27.4754,0.003841367230592012
387,TCGA-CZ-5984-01A-11R-1672-07,80.8052,74.385,132.0343,273.4376,13.7912,8.661,23.5322,0.036392997763142705
388,TCGA-BP-4325-01A-02R-1289-07,22.316999999999997,52.7283,83.3282,253.0117,11.98,6.015,17.8182,0.002948507677834411
389,TCGA-CZ-5452-01A-01R-1503-07,31.166,45.0961,83.1463,196.1453,7.9838,8.1634,21.1056,0.002171933378418767
390,TCGA-CJ-5682-01A-11R-1541-07,44.3931,109.7508,207.9306,344.0308,22.1848,11.9053,46.6128,0.6630022758458769
391,TCGA-BP-4776-01A-01R-1289-07,40.884,88.2513,184.5788,188.5175,15.1326,17.1341,53.4663,0.4147081737174988
392,TCGA-CJ-4881-01A-01R-1305-07,63.1098,63.6901,103.2585,234.0383,14.2164,7.2895,27.0815,0.010491477728930644
393,TCGA-BP-4974-01A-01R-1334-07,80.5837,262.8787,416.4778,360.5229,66.5007,24.5258,109.3779,0.9999999753568686
394,TCGA-CJ-4635-01A-02R-1305-07,47.6238,75.4019,123.0946,170.5633,17.7801,7.9133,30.123,0.034756079101183425
395,TCGA-CZ-5458-01A-01R-1503-07,81.4566,138.4041,253.4651,563.7433,30.9569,18.4391,73.297,0.9903283254121392
396,TCGA-B4-5378-01A-01R-1503-07,41.3363,174.0173,302.8748,923.0631,55.1527,14.7632,92.0856,0.9993093407684024
397,TCGA-B0-4839-01A-01R-1305-07,54.8809,98.2427,163.1184,307.2271,16.0985,15.3498,39.8626,0.5631516546274475
398,TCGA-CZ-5982-01A-11R-1672-07,146.2772,136.7573,219.0354,428.1225,40.3254,12.4535,67.6276,0.9652810028879792
399,TCGA-B0-4821-01A-01R-1503-07,49.5694,32.6582,54.433,222.0713,7.379,2.6856,16.9283,0.00023576711496591838
400,TCGA-CJ-4923-01A-01R-1426-07,46.504,73.0641,146.4512,196.1492,18.3825,9.2858,37.7621,0.03623576156872636
401,TCGA-EU-5907-01A-11R-1672-07,70.3543,59.8926,97.2591,265.8705,8.5418,6.109,14.6536,0.005877114740178571
402,TCGA-BP-5196-01A-01R-1426-07,84.4075,100.1388,186.8312,185.2831,17.1123,11.3259,43.5842,0.41589309378942696
403,TCGA-CW-6087-01A-11R-1672-07,3.0865,13.1247,16.6282,6.7615,3.8733,5.9888,6.4369,7.062572413308011e-05
404,TCGA-BP-5001-01A-01R-1334-07,20.9259,38.3487,78.2702,113.5608,9.5225,5.782,23.6106,0.0007295461615920272
405,TCGA-CJ-4868-01A-01R-1305-07,67.6398,115.3143,182.3118,375.7032,25.3593,11.7092,51.9614,0.7618759604303101
406,TCGA-BP-4789-01A-01R-1305-07,104.4664,227.81799999999998,399.3901,208.7093,64.2126,22.8384,101.5616,0.9999990748000782
407,TCGA-B0-5083-01A-02R-1420-07,4.5083,26.8934,47.6468,29.1497,7.5120000000000005,3.3813,13.6907,0.0001565772162470367
408,TCGA-G6-A8L7-01A-11R-A37O-07,18.6645,25.9783,37.9538,48.9082,3.0238,2.3719,14.7689,0.00011835755499010642
409,TCGA-BP-4975-01A-01R-1334-07,48.2167,119.5808,184.7118,353.791,27.6207,10.7869,43.3153,0.8002385475041817
410,TCGA-B0-5696-01A-11R-1541-07,95.0753,129.8503,278.8437,914.0067,22.8824,15.0646,60.2108,0.9599116741139323
411,TCGA-AK-3456-01A-02R-1325-07,8.1244,15.7482,42.5422,29.5859,2.3933,3.2206,5.1517,5.3157491808337815e-05
412,TCGA-A3-A6NL-01A-11R-A33J-07,219.4198,350.6107,429.8125,1280.9674,48.8555,31.461,145.8402,0.9999999999983187
413,TCGA-BP-5200-01A-01R-1426-07,131.3634,153.5093,240.7286,439.8567,32.3037,14.1782,64.4963,0.9946942916811143
414,TCGA-A3-3373-01A-02R-1420-07,69.4909,89.1551,147.1572,564.8711,21.9643,8.4349,25.6605,0.1268858282714221
415,TCGA-BP-5187-01A-01R-1426-07,45.6233,98.1708,132.9736,277.6277,24.5589,9.3511,37.7468,0.2882407312129643
416,TCGA-CJ-4875-01A-01R-1305-07,59.9868,52.1558,97.2204,413.11,9.8135,6.7646,22.8439,0.003225071702987596
417,TCGA-BP-5007-01A-01R-1334-07,111.3097,140.1663,256.1494,604.0845,30.8898,13.5858,53.8668,0.9794362452164755
418,TCGA-B0-4841-01A-01R-1277-07,51.6549,76.5712,105.179,268.7134,8.8362,9.4126,36.0994,0.05087349115219535
419,TCGA-BP-5009-01A-01R-1334-07,88.9972,65.3235,125.3365,413.4617,14.3412,7.2657,22.3714,0.012159707884200507
420,TCGA-B0-4824-01A-01R-1277-07,36.723,88.6263,135.9403,891.4748,17.5218,11.0291,32.8776,0.18531329571207208
421,TCGA-A3-3316-01A-01R-0864-07,46.4734,80.9571,139.3477,155.3546,24.5088,8.2764,35.8485,0.06115670579720565
422,TCGA-CW-5585-01A-01R-1541-07,109.2269,157.7477,283.381,755.6510000000001,27.7924,17.0562,78.399,0.997944273320102
423,TCGA-BP-4353-01A-02R-1289-07,106.4466,247.1387,236.1029,433.8091,51.0002,24.3302,73.7934,0.9999998873499198
424,TCGA-B0-4843-01A-01R-1277-07,126.9959,129.4819,178.0388,572.2829,17.2752,13.0521,25.1576,0.940187783639859
425,TCGA-CZ-5451-01A-01R-1503-07,76.1305,155.1098,218.9712,362.9678,26.9761,17.115,81.1581,0.9973955805424081
426,TCGA-CJ-5677-01A-11R-1541-07,32.8128,55.6202,94.6663,139.2931,11.4078,7.9054,26.7936,0.005549917962468473
427,TCGA-CJ-4907-01A-01R-1426-07,201.5362,194.4337,273.3321,888.4569,47.4339,19.3686,86.3444,0.9999582417937203
428,TCGA-CW-5589-01A-01R-1541-07,53.3352,176.3051,313.5984,498.4769,38.9938,22.1856,89.6177,0.9998659224311109
429,TCGA-A3-A6NI-01A-11R-A33J-07,36.7874,87.5688,169.6065,358.4452,17.0402,15.2933,39.0852,0.31820086867372044
430,TCGA-CJ-4634-01A-02R-1325-07,50.1955,183.9735,240.1295,310.9652,41.6219,18.3326,65.9044,0.999863591276668
431,TCGA-CJ-5680-01A-11R-1541-07,48.3615,91.5568,135.3174,352.151,14.9545,9.5083,42.8927,0.18292941760781173
432,TCGA-DV-5569-01A-01R-1541-07,20.2036,144.8864,204.852,189.89,32.819,19.2407,66.7506,0.9954727607059627
433,TCGA-B0-5711-01A-11R-1672-07,291.7281,199.2003,279.3822,1283.7068,36.6981,20.4567,70.0669,0.9999783666424407
434,TCGA-BP-5189-01A-02R-1426-07,111.3073,149.4763,189.2462,387.0402,31.0096,11.1645,56.4458,0.9862861268099986
435,TCGA-CJ-5683-01A-11R-1541-07,74.3993,108.1352,195.8886,275.0971,18.1044,15.7414,43.2271,0.7791461599923993
436,TCGA-B0-4707-01A-01R-1277-07,10.385,8.1173,17.4103,19.9439,2.4048,1.7581,4.1808,1.957067487106367e-05
437,TCGA-BP-5191-01A-01R-1426-07,5.9452,13.7782,17.3581,38.2396,2.8548,3.1463,4.7409,4.353188360104253e-05
438,TCGA-BP-4795-01A-02R-1420-07,64.9946,190.9048,320.983,585.877,50.5508,22.9957,78.417,0.9999709738372692
439,TCGA-BP-5170-01A-01R-1426-07,44.8679,122.0558,202.7424,247.4193,23.7471,15.0824,43.3216,0.9202064412692642
440,TCGA-AK-3427-01A-01R-0864-07,9.2657,11.3452,38.1456,73.749,2.8497,8.9662,4.1657,0.00010575631584104458
441,TCGA-A3-3307-01A-01R-0864-07,117.6598,123.4233,266.594,720.0416,34.3121,16.5448,50.3852,0.9455541834330911
442,TCGA-B0-5692-01A-11R-1541-07,31.8497,65.5604,113.1077,289.447,10.7552,15.6667,29.2876,0.05935927321093973
443,TCGA-B0-4700-01A-02R-1541-07,45.1058,94.4093,155.1695,121.6022,15.4017,12.9571,41.1705,0.3621173861690049
444,TCGA-CJ-4893-01A-01R-1305-07,121.4524,136.2485,233.459,1032.9798,29.6785,19.4069,62.7597,0.9901614363767856
445,TCGA-A3-3325-01A-01R-0864-07,37.427,88.4918,180.045,600.0832,28.6859,10.7668,35.2718,0.17598985666991065
446,TCGA-CZ-4860-01A-01R-1305-07,6.4395,18.6439,23.2429,29.9247,5.1703,3.3957,7.3819,7.220667609590145e-05
447,TCGA-BP-4963-01A-01R-1334-07,75.0186,98.1285,159.7109,347.8477,22.6876,8.6142,32.8105,0.2593525368259076
448,TCGA-B8-5165-01A-01R-1420-07,62.2577,192.1383,254.0844,138.2392,51.5931,20.3699,80.347,0.9999572269462361
449,TCGA-BP-4989-01A-01R-1334-07,16.0259,21.6135,53.5545,81.7853,7.8512,4.812,9.8576,0.0001253254995123164
450,TCGA-CJ-5671-01A-11R-1541-07,68.4527,169.9612,242.4984,294.9183,26.9823,14.5915,89.1425,0.9989545448239913
451,TCGA-B2-5635-01A-01R-A277-07,42.7741,38.6614,22.5817,284.1962,8.8148,9.0623,20.1876,0.001409050255224812
452,TCGA-BP-4777-01A-01R-1289-07,21.743000000000002,48.3332,90.6788,283.0532,12.132,6.2462,17.1534,0.0020394614991328104
453,TCGA-CJ-4636-01A-02R-1325-07,31.6731,56.4247,94.9494,132.2848,14.3814,5.6855,23.15,0.003916473705742405
454,TCGA-BP-4807-01A-01R-1305-07,53.6968,64.5241,123.6228,428.9,19.9571,8.3078,18.1521,0.013752358484698208
455,TCGA-B0-5077-01A-01R-1334-07,35.6174,76.8224,154.9775,134.2018,17.2341,9.427,36.0166,0.05216438972309104
456,TCGA-BP-5201-01A-01R-1426-07,67.0704,50.5152,112.3838,360.04900000000004,9.6558,7.3025,26.691,0.0030643668424078906
457,TCGA-BP-4784-01A-01R-1305-07,77.9746,154.6403,323.3931,416.6548,46.1075,23.905,80.7692,0.9992589554969441
458,TCGA-BP-4338-01A-01R-1289-07,13.0345,15.0958,30.2216,39.335,3.4089,2.1062,6.5321,4.036584523108754e-05
459,TCGA-B0-5712-01A-11R-1672-07,32.8743,52.7616,98.5859,306.4336,7.9489,7.9959,23.9444,0.004319711755986437
460,TCGA-BP-5180-01A-01R-1426-07,23.4685,33.0386,63.6629,108.7557,7.2547,5.5732,15.0164,0.0004252175810435826
461,TCGA-B8-A8YJ-01A-13R-A39I-07,30.6254,282.5401,338.4266,225.5307,55.9789,23.1167,162.1769,0.9999999949298752
462,TCGA-A3-3323-01A-02R-1325-07,76.0577,126.249,200.6637,207.6685,26.5103,13.3368,51.2413,0.9244955874743066
463,TCGA-CJ-4894-01A-01R-1305-07,70.4269,99.2599,183.6815,592.5244,24.9869,15.2789,36.8462,0.5832545646298317
464,TCGA-B8-5551-01A-01R-1541-07,18.0773,29.3361,43.2301,80.2314,5.4195,7.9323,12.4265,0.00047181706653362044
465,TCGA-AK-3454-01A-02R-1277-07,26.7174,67.5011,121.8835,184.7663,15.8922,8.5473,42.2201,0.018957980284099295
466,TCGA-B8-A54E-01A-11R-A266-07,1.7962,8.6849,12.3617,82.1676,1.7373,3.9212,4.1248,3.126707506038894e-05
467,TCGA-BP-4969-01A-01R-1334-07,16.5011,59.4969,118.0175,121.3587,14.1315,8.838,25.5923,0.009524006450927911
468,TCGA-B0-5702-01A-11R-1541-07,16.0554,7.5496,80.6297,192.5431,5.1867,0.6361,14.8263,1.495830880518671e-05
469,TCGA-B2-3924-01A-02R-A277-07,16.2262,24.6714,33.4523,109.4965,7.3551,6.3738,10.9075,0.00022553728355842432
470,TCGA-B8-A54H-01A-11R-A33J-07,104.6374,186.0976,313.2643,416.5841,34.0711,25.3965,98.5852,0.9999712053519825
471,TCGA-CJ-4871-01A-01R-1305-07,80.4765,94.0253,172.7131,388.5256,23.1334,12.1121,47.4582,0.31766985801733033
472,TCGA-B0-5107-01A-01R-1420-07,2.9131,5.8464,7.5182,24.2747,0.9151,1.8765,1.7982,1.616588552202689e-05
473,TCGA-CZ-4863-01A-01R-1503-07,21.2056,92.9488,180.7321,321.422,22.8612,13.8807,39.3624,0.37133680356874144
474,TCGA-BP-5186-01A-01R-1426-07,12.3119,118.575,184.7135,412.694,31.2374,13.4102,49.7683,0.8577191075847445
475,TCGA-BP-4169-01A-02R-1289-07,66.9622,145.9767,220.3077,214.1535,45.1882,18.8282,80.4292,0.9955775203812354
476,TCGA-B4-5843-01A-11R-1672-07,69.1984,127.1961,210.8468,840.1145,25.0305,14.8138,47.4778,0.9467319494776624
477,TCGA-CJ-4891-01A-01R-1305-07,25.0444,21.7406,42.5985,73.9995,4.2847,2.9097,10.5802,8.804729462478123e-05
478,TCGA-BP-4164-01A-02R-1325-07,61.7902,52.9361,111.1211,530.6912,11.7949,6.2949,26.6335,0.003171979639950298
479,TCGA-CZ-4854-01A-01R-1305-07,55.9407,43.6061,79.1968,180.8809,10.1041,4.7686,17.3745,0.0009851491008672178
480,TCGA-A3-3331-01A-02R-1325-07,76.55,126.5969,166.3978,356.7472,23.1342,10.4987,48.1718,0.8800807356061578
481,TCGA-A3-3365-01A-01R-0864-07,70.975,144.9164,339.1841,408.9418,47.6361,24.5608,71.1076,0.9983688615616048
482,TCGA-BP-5169-01A-01R-1426-07,6.5296,13.7639,23.6686,12.2649,2.3509,3.2533,7.4382,4.4375129740706664e-05
483,TCGA-BP-5183-01A-01R-1426-07,56.0603,74.2421,109.5665,398.7332,14.5657,8.464,29.2411,0.03463745835880908
484,TCGA-AK-3450-01A-02R-1277-07,54.4175,98.2812,196.8954,244.8774,17.0642,16.1816,46.9871,0.6028151508266115
485,TCGA-A3-3370-01A-02R-1420-07,46.908,98.24,154.7049,583.8232,26.9732,9.1028,36.8924,0.2798763042928545
486,TCGA-CZ-5985-01A-11R-1672-07,58.1137,54.0937,77.06,315.9562,10.3249,7.3916,15.2338,0.004360685060857425
487,TCGA-CJ-4878-01A-01R-1305-07,48.393,112.0927,166.69799999999998,603.1718,21.0803,9.6282,41.4853,0.6130786240898916
488,TCGA-B8-5158-01A-01R-1420-07,81.7918,79.6843,103.1514,294.3561,11.9722,7.1783,26.9927,0.044711070201437206
489,TCGA-CJ-4892-01A-01R-1305-07,67.595,95.8865,182.418,564.0818,17.4968,9.9545,39.4453,0.2682994147857315
490,TCGA-BP-4162-01A-02R-1325-07,60.1696,106.725,136.1711,347.3824,22.9131,10.0158,33.2373,0.5072917217171357
491,TCGA-DV-A4VX-01A-11R-A266-07,12.2269,11.8001,18.4275,74.4575,1.6922,2.4626,4.9205,3.169076383557485e-05
492,TCGA-B8-A54I-01A-21R-A33J-07,33.6932,31.125,60.5799,154.3534,4.093,8.3574,12.7902,0.0006057671281592952
493,TCGA-B8-A7U6-01A-12R-A37O-07,44.8473,197.1481,339.6736,430.7876,30.5954,24.0395,89.2932,0.9999868032266708
494,TCGA-BP-4799-01A-01R-1305-07,39.4901,36.5899,81.4967,87.6016,6.377000000000001,6.3356,15.4742,0.0006875063441453547
495,TCGA-CW-5588-01A-01R-1541-07,21.9405,114.4238,177.7646,66.0044,27.3233,15.2603,59.0277,0.8532822860590797
496,TCGA-B0-4698-01A-01R-1503-07,69.5639,15.0516,35.0423,418.2502,2.8655,3.2189,13.7434,4.9766229377336424e-05
497,TCGA-CJ-4918-01A-01R-1426-07,101.4623,187.0745,277.5547,562.0335,39.1235,16.4179,71.0013,0.999852909707171
498,TCGA-A3-3347-01A-02R-1325-07,26.3187,52.1866,82.4287,64.8417,16.9676,6.0451,26.6681,0.002818467276756144
499,TCGA-B8-5546-01A-01R-1541-07,7.6676,22.4829,34.1963,57.5769,5.7168,9.5292,13.3001,0.0003362297718880238
500,TCGA-B0-5113-01A-01R-1420-07,102.0865,107.1431,173.0619,573.3444,25.01,9.9569,39.0629,0.5143058760281681
501,TCGA-B0-5709-01A-11R-1541-07,49.5298,126.2403,168.6692,242.4128,27.5478,16.053,52.5114,0.953711601239829
502,TCGA-B2-3923-01A-02R-A277-07,8.4345,14.0672,8.12,27.6059,3.1899,1.5824,9.6024,3.3135689200269345e-05
503,TCGA-DV-A4W0-01A-11R-A266-07,64.7294,102.3633,198.5699,765.3895,27.5819,7.4624,45.669,0.2949280811747871
504,TCGA-B4-5838-01A-11R-1672-07,52.7362,74.5817,114.367,231.5643,19.1704,6.9239,25.5999,0.026827630019573875
505,TCGA-CJ-4882-01A-02R-1426-07,56.4849,72.4238,132.0715,225.7105,15.6555,8.9562,41.5706,0.032159874910906945
506,TCGA-A3-3320-01A-02R-1325-07,99.6604,103.2771,195.7193,309.8154,26.6996,11.6271,42.2584,0.5034201744845507
507,TCGA-A3-A8OV-01A-11R-A37O-07,19.0465,58.2286,114.4685,289.7823,14.4309,10.2226,27.5094,0.01100754332680104
508,TCGA-BP-4801-01A-02R-1420-07,50.4773,122.74,178.4017,334.7871,35.3887,13.8104,40.8816,0.9059786165134676
509,TCGA-A3-3329-01A-01R-0864-07,133.1974,97.3557,181.7148,756.2273,20.7997,8.957,45.2079,0.2580115311776935
510,TCGA-A3-3357-01A-02R-1420-07,38.5232,43.3947,65.5782,179.2879,8.4168,6.2168,12.8397,0.0012747448354236573
511,TCGA-B0-4838-01A-01R-1305-07,54.0356,71.1504,126.7158,389.3752,15.3948,9.113999999999999,29.6927,0.02948390670120631
512,TCGA-BP-4345-01A-01R-1289-07,168.5139,167.9463,251.0109,510.3417,43.2382,17.5613,79.3953,0.9992849257502616
513,TCGA-BP-4967-01A-01R-1334-07,83.6366,59.8924,93.7791,236.9476,12.025,6.0607,22.8894,0.005823100189831787
514,TCGA-BP-4986-01A-01R-1334-07,121.0803,150.3244,195.7181,473.9043,31.3201,13.4486,45.7377,0.9917864142503869
515,TCGA-B8-4151-01A-01R-1188-07,64.4313,72.6807,166.9071,305.7067,11.693,14.4479,31.7194,0.08896719941611865
516,TCGA-CJ-5684-01A-11R-1541-07,115.6056,132.3391,233.5552,526.3713,31.3304,16.2318,61.9602,0.9742720326041892
517,TCGA-BP-5185-01A-01R-1426-07,9.671,17.3086,33.0849,40.1785,3.0759,2.9723,10.354000000000001,5.870646914388236e-05
518,TCGA-B0-5096-01A-01R-1420-07,55.1568,33.5706,50.8249,152.1324,6.9231,5.2206,14.052,0.00041781734052229094
519,TCGA-A3-3358-01A-01R-1541-07,32.9047,54.4142,100.3198,295.4528,15.1864,11.7113,22.7586,0.010235202852742745
520,TCGA-AK-3428-01A-02R-1277-07,104.5201,105.4689,196.7369,423.2101,27.4229,17.6501,48.4482,0.79832912943562
521,TCGA-B0-4688-01A-01R-1277-07,7.0463,17.45,30.4106,13.7105,19.2832,9.1972,9.5062,0.00019642308165051598
522,TCGA-CJ-4905-01A-02R-1426-07,179.2112,372.9539,442.3543,776.2181,65.8323,27.6229,170.7046,0.9999999999995717
523,TCGA-DV-5575-01A-01R-1541-07,27.8533,126.9621,208.233,383.1621,32.6374,14.7158,52.4599,0.944634283357325
524,TCGA-B0-5694-01A-11R-1541-07,79.6009,110.4467,197.1713,452.0306,18.5302,15.2104,52.7475,0.7984245040764213
525,TCGA-B8-4619-01A-02R-1325-07,9.5334,27.4808,40.3245,204.398,7.6048,3.7030000000000003,12.6665,0.00017601678827337851
526,TCGA-B0-4827-01A-02R-1420-07,61.6776,85.1853,142.9988,208.2699,14.2205,10.048,34.486999999999995,0.1199325384297429
527,TCGA-BP-4355-01A-01R-1289-07,106.7722,153.2743,309.6959,434.8538,46.8206,17.9356,93.4931,0.9973553218683233
528,TCGA-CJ-4890-01A-01R-1305-07,46.8211,75.0086,111.35700000000001,136.2885,20.2451,10.4204,30.7785,0.05315327321185007
529,TCGA-B0-5701-01A-11R-1541-07,23.3266,52.748000000000005,90.5593,160.8818,10.58,6.9059,24.9844,0.003502789928365085
530,TCGA-B0-5092-01A-01R-1420-07,38.477,35.8187,83.1345,184.9793,9.5218,7.3328,20.406,0.0007741145422055733
531,TCGA-CZ-5470-01A-01R-1503-07,25.0488,47.9919,82.4894,200.3975,9.5089,8.0381,18.8667,0.002783365162127985
532,TCGA-BP-4985-01A-01R-1334-07,127.417,59.9068,105.052,414.6047,12.3687,5.9646,18.3548,0.005725020664988674
